rule,mean_human,mean_llm,std_human,std_llm,difference,abs_difference,docs_human,docs_llm,docs_total,pct_human,pct_llm,mann_whitney_u,p_value,cohens_d,significant_005,significant_001,characteristic_of
"VERB(PUNCT/punct, *, NOUN/obj)",0.0050294583283938595,0.02630480597589482,0.014123005977132272,0.01826152419721348,-0.021275347647500963,0.021275347647500963,668,3790,4458,12.393320964749536,70.30235577814877,6286409.0,0.0,-1.3033212004440078,True,True,llm
"VERB(PUNCT/punct, *, VERB/ccomp)",0.001676458015122371,0.017138137285042175,0.010295533621878399,0.025832794253668124,-0.015461679269919804,0.015461679269919804,154,1702,1856,2.857142857142857,31.57113708031905,10372142.0,0.0,-0.7863010795202781,True,True,llm
"ADV(ADV/advmod, *)",0.0039063811812583985,0.017679999534675868,0.014367408093057438,0.023385418679579637,-0.01377361835341747,0.01377361835341747,410,2025,2435,7.606679035250464,37.56260434056761,10238010.0,4.992660719066416e-288,-0.7097068471210327,True,True,llm
"NOUN(DET/det, *, ADJ/amod, NOUN/nmod)",0.006566939362635641,0.02010761002492866,0.017343478995620106,0.022448076796097963,-0.01354067066229302,0.01354067066229302,736,2502,3238,13.65491651205937,46.41068447412354,9973695.0,7.921839132282703e-265,-0.675048259960928,True,True,llm
"PROPN(PUNCT/punct, *, PUNCT/punct)",0.007845658351062223,0.02103716846152743,0.018582385189381465,0.021180474435617117,-0.013191510110465206,0.013191510110465206,870,2775,3645,16.14100185528757,51.47468002225932,9886005.0,7.3661604712531295e-255,-0.6620972971065815,True,True,llm
"NOUN(*, ADJ/amod)",0.010933753824473199,0.024050161938818468,0.019148376420069984,0.0166787666002159,-0.013116408114345269,0.013116408114345269,1460,3802,5262,27.087198515769945,70.52494898905583,9134188.0,6.360457557866215e-282,-0.7304717150246728,True,True,llm
"ADV(*, PRON/fixed, PUNCT/punct)",0.00019703915457370362,0.013135052893536043,0.003968362991371395,0.026894653618482863,-0.01293801373896234,0.01293801373896234,14,1079,1093,0.2597402597402597,20.014839547393805,11661184.0,1.2254213074407682e-251,-0.6730382261065604,True,True,llm
"NOUN(*, ADJ/amod, NOUN/nmod)",0.004213867074554807,0.017111146176881923,0.016483057586778562,0.024666224647109908,-0.012897279102327117,0.012897279102327117,377,1820,2197,6.99443413729128,33.75997032090521,10738333.5,1.2219308505570546e-243,-0.6148138953391393,True,True,llm
"VERB(NOUN/nsubj, *, VERB/ccomp, PUNCT/punct)",0.007705437826673133,0.019923469455314008,0.01921285249394901,0.022815705545477627,-0.012218031628640876,0.012218031628640876,800,2430,3230,14.84230055658627,45.075125208681136,10505187.0,1.9392817015729825e-207,-0.5792911035486178,True,True,llm
"NOUN(ADP/case, *, ADJ/amod)",0.012844450680989333,0.02499512927299485,0.01830051897643608,0.012744025861342288,-0.012150678592005517,0.012150678592005517,1966,4467,6433,36.47495361781076,82.86032276015581,9152693.0,1.2745309857722632e-259,-0.7705448500182149,True,True,llm
"ADP(*, DET/fixed, NOUN/fixed, PUNCT/punct)",0.0004907302381717273,0.012334484676743541,0.005664466533185225,0.02555926581010221,-0.011843754438571814,0.011843754438571814,43,1046,1089,0.7977736549165121,19.40270821739937,11822997.5,5.2816681088170677e-225,-0.6398000982707328,True,True,llm
"NOUN(DET/det, *, ADJ/amod)",0.013141827457333933,0.024926644452072298,0.01776579482170189,0.01221426853918312,-0.011784816994738365,0.011784816994738365,2073,4534,6607,38.460111317254174,84.10313485438694,9281363.5,1.790370774599407e-245,-0.7730351791134377,True,True,llm
"NOUN(CCONJ/cc, *, ADJ/amod)",0.003913856130737126,0.015348907198370695,0.015223353543990199,0.02421635294953989,-0.011435051067633569,0.011435051067633569,365,1605,1970,6.771799628942486,29.771841958820257,11249085.0,2.6451754998213503e-199,-0.5653639093052273,True,True,llm
"NOUN(ADP/case, *, NOUN/conj)",0.006390507391775429,0.017748441955469006,0.018606527489274008,0.022757666569102483,-0.011357934563693578,0.011357934563693578,655,2123,2778,12.152133580705009,39.380448896308664,10759134.0,2.643673435624839e-202,-0.5464227539883948,True,True,llm
"NOUN(ADP/case, DET/det, *, ADJ/amod, PUNCT/punct)",0.0012098799017047869,0.012478039373461418,0.009405917950308642,0.025383222016162117,-0.01126815947175663,0.01126815947175663,94,1084,1178,1.7439703153988868,20.107586718605084,11875061.0,5.205864369960107e-202,-0.5886828724142695,True,True,llm
"PROPN(PUNCT/punct, *, PROPN/flat:name, PUNCT/punct)",0.005187239465960535,0.016394412411794047,0.017479896300535484,0.02412483758976713,-0.011207172945833514,0.011207172945833514,472,1769,2241,8.7569573283859,32.813949174550174,11197043.0,7.520971409190899e-186,-0.5320023382192756,True,True,llm
"ADV(*, PRON/obl, PUNCT/punct)",0.0005187332908919437,0.01153886330600249,0.0058087391054754975,0.025733249484907576,-0.011020130015110548,0.011020130015110548,47,930,977,0.8719851576994434,17.250973845297718,12141831.5,2.168437127555054e-193,-0.5907657706501982,True,True,llm
"VERB(NOUN/nsubj, *, NOUN/obj, VERB/advcl, PUNCT/punct)",0.0026065237226237234,0.013194899776272266,0.014447269253031352,0.025530010162035374,-0.010588376053648544,0.010588376053648544,189,1181,1370,3.5064935064935066,21.90688184010388,11899052.0,4.761560051949644e-174,-0.510466979250166,True,True,llm
"VERB(PUNCT/punct, *, NOUN/obj, NOUN/obl)",0.0016094797698329635,0.011848860345391479,0.011042281715301647,0.025165186792439714,-0.010239380575558515,0.010239380575558515,123,1017,1140,2.282003710575139,18.864774624373958,12134458.0,1.2067091173299448e-169,-0.5269292909110269,True,True,llm
"ADJ(*, ADJ/conj)",0.005723498329170483,0.01584517162995382,0.01724762140679313,0.02331086144049477,-0.010121673300783337,0.010121673300783337,590,1770,2360,10.946196660482375,32.832498608792434,11418382.0,5.70855489296389e-156,-0.49362955302276995,True,True,llm
"NOUN(DET/det, *, VERB/acl)",0.010252736024161177,0.020021902960315613,0.019925767258409725,0.020455212998609168,-0.009769166936154436,0.009769166936154436,1231,2742,3973,22.838589981447125,50.86254869226489,10908011.5,5.6686720776276256e-148,-0.48380833236651843,True,True,llm
"NOUN(ADP/case, *, ADJ/amod, NOUN/nmod)",0.0029840334299694733,0.012631664530740628,0.014336808738662325,0.02480163545230211,-0.009647631100771154,0.009647631100771154,242,1151,1393,4.489795918367347,21.350398812836207,12113781.0,5.0100111862563094e-145,-0.4762693967195591,True,True,llm
"NOUN(ADP/case, DET/det, *, ADJ/amod, NOUN/nmod)",0.006637193105129466,0.016029466980558297,0.01920348358264934,0.023581461878137824,-0.00939227387542883,0.00939227387542883,638,1774,2412,11.83673469387755,32.90669634576145,11613034.0,4.498487029370431e-135,-0.4367651242813202,True,True,llm
"ADJ(CCONJ/cc, *)",0.0075321885894032966,0.016917537766870782,0.0187190149213911,0.022110976335454047,-0.009385349177467486,0.009385349177467486,822,2064,2886,15.250463821892394,38.28603227601558,11351361.0,1.6978507287000933e-140,-0.4581499575806578,True,True,llm
"NOUN(ADP/case, ADJ/amod, *)",0.005476917939613504,0.014796156837375805,0.01769122286059542,0.023891167051375152,-0.009319238897762303,0.009319238897762303,522,1553,2075,9.684601113172542,28.807271378222964,11820164.0,4.177673364034116e-131,-0.4433293621287345,True,True,llm
"VERB(SCONJ/mark, NOUN/nsubj, *, VERB/xcomp)",0.003626521866923524,0.0129340789433489,0.016926913371399777,0.025644957402378637,-0.009307557076425377,0.009307557076425377,275,1141,1416,5.1020408163265305,21.164904470413653,12246289.0,5.749357858817608e-128,-0.42837324011036276,True,True,llm
"NOUN(DET/det, *, PROPN/nmod, PROPN/appos)",0.002350497717519105,0.011601809770965019,0.013433481614239058,0.024756348715944343,-0.009251312053445914,0.009251312053445914,170,999,1169,3.1539888682745825,18.530884808013354,12330990.0,3.8764303333048804e-140,-0.4645045343308279,True,True,llm
"NOUN(CCONJ/cc, *, NOUN/nmod)",0.005772044908103892,0.01457259099323691,0.01835231148096078,0.023515938958762417,-0.008800546085133018,0.008800546085133018,530,1553,2083,9.833024118738404,28.807271378222964,11894210.0,9.057061667175124e-124,-0.4172312012629118,True,True,llm
"NOUN(ADP/case, DET/det, *, ADJ/amod)",0.015559015717683164,0.024352704057018403,0.0178605992231656,0.01085817517088876,-0.00879368833933524,0.00879368833933524,2543,4693,7236,47.17996289424861,87.05249489890558,10711163.0,6.871011324796197e-128,-0.5949693062840162,True,True,llm
"VERB(ADP/mark, *, NOUN/obj)",0.014801529981150259,0.02358258404152966,0.018756462706991876,0.013371346641345013,-0.0087810540603794,0.0087810540603794,2264,4253,6517,42.003710575139145,78.89074383231312,10840052.0,7.899697094228928e-123,-0.5391119077308942,True,True,llm
"ADP(*, DET/fixed)",0.004568701035871773,0.013298710630230217,0.01742043549358585,0.024217179972116514,-0.008730009594358445,0.008730009594358445,379,1301,1680,7.031539888682746,24.13281394917455,12128805.0,1.9678898349633412e-122,-0.4138553089939507,True,True,llm
"NOUN(DET/det, *, ADJ/amod, VERB/acl)",0.0023899837664074714,0.011015946869280865,0.013143292211325335,0.024332998612152504,-0.008625963102873394,0.008625963102873394,191,948,1139,3.543599257884972,17.584863661658318,12501393.5,2.6968430330675275e-122,-0.44109996913431776,True,True,llm
"VERB(NOUN/nsubj, *, NOUN/obj, PUNCT/punct)",0.008034589681829539,0.016526697467191948,0.022163035558805576,0.023170423908086362,-0.00849210778536241,0.00849210778536241,729,1902,2631,13.52504638218924,35.281023928770175,11661405.5,1.3722175516842777e-122,-0.37455830354353553,True,True,llm
"NOUN(ADP/case, *, ADJ/amod, PUNCT/punct)",0.0006645127249282358,0.009036392573884723,0.007912491192229136,0.02595445992381506,-0.008371879848956487,0.008371879848956487,41,614,655,0.7606679035250464,11.389352624744946,12987171.5,1.704705053402306e-117,-0.4363428216760389,True,True,llm
"NOUN(ADJ/amod, *)",0.0052392292507347105,0.013563627583838783,0.01740453076032923,0.024170082044954307,-0.008324398333104072,0.008324398333104072,494,1345,1839,9.165120593692022,24.948989055833795,12260457.0,8.195791328981388e-102,-0.39525646084314126,True,True,llm
"VERB(PUNCT/punct, *, NOUN/obl, PUNCT/punct)",0.001742452569656428,0.009658095152164743,0.01197757650681418,0.02445363211618436,-0.007915642582508315,0.007915642582508315,125,758,883,2.3191094619666046,14.060471155629754,12828944.5,1.9380829730861342e-108,-0.41111417064085193,True,True,llm
"NOUN(CCONJ/cc, DET/det, *, NOUN/nmod)",0.003940849006506331,0.011821616127755685,0.016130219823122252,0.023792062718412506,-0.007880767121249355,0.007880767121249355,336,1109,1445,6.233766233766234,20.571322574661473,12473195.0,2.1686957106584266e-102,-0.38772940968351965,True,True,llm
"NOUN(*, ADJ/amod, VERB/acl)",0.0015877317767108196,0.009292414194621661,0.012073212859512057,0.02452828503744971,-0.007704682417910842,0.007704682417910842,100,706,806,1.8552875695732838,13.095900575032461,12910315.0,6.142270058481533e-107,-0.39855972931249434,True,True,llm
"PROPN(CCONJ/cc, *)",0.006723643399298289,0.014273166525870249,0.019802507678357707,0.02277632223994704,-0.007549523126571959,0.007549523126571959,612,1572,2184,11.354359925788497,29.15971062882582,12134084.0,6.619845462146047e-99,-0.35375218194069635,True,True,llm
"VERB(PUNCT/punct, *, NOUN/obl)",0.003713259381876941,0.011252192790607117,0.016377751272097018,0.023642465670483614,-0.007538933408730176,0.007538933408730176,295,1031,1326,5.4730983302411875,19.124466703765535,12585022.0,1.0661186471863455e-98,-0.3706981774188225,True,True,llm
"ADJ(PUNCT/punct, *, NOUN/obl, PUNCT/punct)",0.0005341825003975119,0.008014455978190027,0.006724796161781202,0.023530528409835157,-0.007480273477792516,0.007480273477792516,36,583,619,0.6679035250463822,10.81432016323502,13057354.0,5.872982189345535e-113,-0.43226709820694365,True,True,llm
"VERB(PRON/nsubj, *, NOUN/obj)",0.008456802111548908,0.015838887625702416,0.021245748949952528,0.022276001748395648,-0.007382085514153508,0.007382085514153508,846,1879,2725,15.695732838589981,34.85438694119829,11973427.0,2.4742979032635802e-95,-0.33914159770264163,True,True,llm
"PROPN(*, PROPN/flat:name, NOUN/appos)",0.005110882102785646,0.012450424335751156,0.01950105616996329,0.023326590213607633,-0.00733954223296551,0.00733954223296551,390,1239,1629,7.2356215213358075,22.982749026154703,12375404.0,1.73490156532664e-101,-0.34138864325548296,True,True,llm
"NOUN(ADP/case, DET/det, ADJ/amod, *)",0.007702366269757025,0.015024638702868274,0.020263354568809504,0.023354390644913917,-0.007322272433111249,0.007322272433111249,747,1645,2392,13.85899814471243,30.51381932851048,12256380.0,2.551520574515194e-83,-0.3349074980201644,True,True,llm
"PROPN(ADP/case, *)",0.016574816390520324,0.02383235447736541,0.018586941107996163,0.011140586526309294,-0.0072575380868450876,0.0072575380868450876,2610,4615,7225,48.42300556586271,85.60563902800965,11856111.0,1.1299286296821843e-63,-0.4736377033860758,True,True,llm
"ADJ(ADV/advmod, *)",0.008804872539928482,0.0160410508934025,0.020015790766396827,0.021878945414936245,-0.007236178353474017,0.007236178353474017,956,1956,2912,17.736549165120593,36.28269337785198,12043163.0,3.3741722270933485e-86,-0.345104603108901,True,True,llm
"NOUN(DET/det, *, ADJ/amod, VERB/acl:relcl)",0.0022356529609012885,0.009446611544394414,0.01354038077440631,0.02406789435238633,-0.007210958583493125,0.007210958583493125,163,747,910,3.0241187384044528,13.856427378964941,12960813.0,4.303177247900023e-90,-0.3692819212705033,True,True,llm
"VERB(PUNCT/punct, PRON/nsubj, *, NOUN/obj)",0.0026663651131768286,0.009763498180108394,0.014212099604638331,0.023623785903300873,-0.007097133066931566,0.007097133066931566,201,816,1017,3.7291280148423005,15.13633834168058,12888447.5,3.740978218235435e-89,-0.36405918891400474,True,True,llm
"VERB(PRON/nsubj, *, VERB/xcomp)",0.004449226238666858,0.011540850663013264,0.017155948851342227,0.023370566901604467,-0.0070916244243464065,0.0070916244243464065,373,1092,1465,6.920222634508349,20.255982192543126,12635509.5,3.775554767194721e-86,-0.34593084533466995,True,True,llm
"PROPN(DET/det, *, PROPN/flat:name, PROPN/flat:name, PROPN/appos)",0.0005733772497383776,0.0076389023495218615,0.007602239526003602,0.02381591039110005,-0.007065525099783484,0.007065525099783484,32,520,552,0.5936920222634509,9.645705805972918,13217602.0,3.600948665306102e-100,-0.3996891320426765,True,True,llm
"VERB(CCONJ/cc, *, NOUN/obj)",0.010701342500596615,0.017729750981979108,0.021988929319771814,0.021618098218679323,-0.007028408481382493,0.007028408481382493,1168,2256,3424,21.669758812615957,41.84752365052866,11978287.0,2.0728453669256437e-81,-0.32234044629092673,True,True,llm
"NOUN(*, NOUN/conj)",0.005168159478665245,0.012133917545643705,0.01894492884102489,0.023719901650435592,-0.00696575806697846,0.00696575806697846,422,1166,1588,7.829313543599258,21.62864032647004,12585826.0,9.687018334129279e-85,-0.32450794306837666,True,True,llm
"PROPN(ADP/case, DET/det, *, PROPN/flat:name)",0.013555998813041247,0.020486122750218858,0.021108710024493264,0.017965562968784224,-0.006930123937177611,0.006930123937177611,1713,3164,4877,31.78107606679035,58.69040994249676,11804034.5,5.67036038506387e-76,-0.35357335902097825,True,True,llm
"PROPN(ADP/case, DET/det, *, PROPN/flat:name, PROPN/flat:name)",0.006852378601143615,0.013760114422298384,0.0209464630285669,0.023420042261883895,-0.006907735821154769,0.006907735821154769,583,1436,2019,10.816326530612244,26.636987571879057,12413538.5,1.8858169330120757e-82,-0.31091133417549477,True,True,llm
"NOUN(DET/det, *, PROPN/nmod)",0.015326299941702315,0.022195582762768333,0.02013041623985304,0.015141398594383227,-0.006869282821066018,0.006869282821066018,2158,3827,5985,40.037105751391465,70.98868484511222,11886295.0,9.666297511870497e-66,-0.3856666493119775,True,True,llm
"PROPN(ADP/case, DET/det, *, PROPN/flat:name, PROPN/flat:name, PROPN/appos)",0.001366637699283608,0.008219955195954478,0.010899319494763103,0.023567734049776985,-0.00685331749667087,0.00685331749667087,88,603,691,1.6326530612244898,11.185308848080133,13149129.0,5.734559727705445e-90,-0.37325941034036086,True,True,llm
"NOUN(CCONJ/cc, *)",0.013447541405671788,0.02029866111032112,0.020897267426257842,0.017760347167539967,-0.006851119704649331,0.006851119704649331,1758,3174,4932,32.61595547309833,58.87590428491931,11666524.0,3.3825947017957724e-83,-0.35328999138695205,True,True,llm
"NOUN(DET/det, ADJ/amod, *)",0.006838954025997148,0.013623706305708272,0.019650809377888916,0.02335536022269675,-0.006784752279711124,0.006784752279711124,637,1427,2064,11.818181818181818,26.470042663698756,12513375.0,9.516209960966098e-74,-0.3143604652052763,True,True,llm
"NOUN(ADP/case, *, ADJ/amod, NOUN/conj)",0.0015847794875515073,0.008340544677757682,0.011294949826666604,0.022651263991677495,-0.006755765190206174,0.006755765190206174,114,665,779,2.1150278293135436,12.335373771099981,13050843.0,2.6846990933884937e-92,-0.37746545620197897,True,True,llm
"PROPN(ADP/case, *, PROPN/flat:name)",0.01155657743931576,0.01820996835895565,0.022359509294467925,0.02067694891092945,-0.006653390919639891,0.006653390919639891,1253,2453,3706,23.246753246753247,45.50176219625301,12003651.0,5.14029804303818e-76,-0.3089618491642661,True,True,llm
"ADJ(*, NOUN/obl)",0.00714741822560714,0.013743767519343081,0.020318718586082297,0.023294002099386972,-0.0065963492937359414,0.0065963492937359414,655,1452,2107,12.152133580705009,26.933778519755148,12509647.5,7.660943366517167e-73,-0.3017951055223631,True,True,llm
"PROPN(CCONJ/cc, *, PROPN/flat:name)",0.004296584174583086,0.010876801955550392,0.017652801497620187,0.02339219816065447,-0.006580217780967307,0.006580217780967307,326,997,1323,6.0482374768089056,18.493785939528845,12790275.0,1.726032031809373e-79,-0.31754488165820116,True,True,llm
"VERB(PROPN/nsubj, *, NOUN/obj, VERB/advcl, PUNCT/punct)",0.0017804096258512625,0.00832585346097347,0.013175061789657357,0.023401359561249054,-0.006545443835122208,0.006545443835122208,102,630,732,1.8923933209647494,11.686143572621035,13125823.0,3.3399331330797944e-88,-0.34468665407797916,True,True,llm
"NOUN(DET/det, *, PROPN/nmod, VERB/acl)",0.0015331609675353541,0.008074568434699432,0.01199083599637823,0.023047331803173695,-0.006541407467164077,0.006541407467164077,93,610,703,1.725417439703154,11.315154887775924,13149103.5,1.445205268460068e-88,-0.3560797647804808,True,True,llm
"VERB(PUNCT/punct, *, ADV/advmod, NOUN/obj)",0.0005283231992209951,0.007046704773499556,0.0069184499930858775,0.023091595825899546,-0.006518381574278561,0.006518381574278561,34,475,509,0.6307977736549165,8.810981265071415,13340925.0,5.138174613308321e-89,-0.3824144478910475,True,True,llm
"NOUN(DET/det, *, ADJ/amod, ADJ/amod)",0.0018348626784198845,0.008339590858071346,0.012213869389565986,0.02314514799011942,-0.006504728179651462,0.006504728179651462,132,644,776,2.4489795918367347,11.945835652012613,13151608.0,1.1325191927062249e-80,-0.35151027506469107,True,True,llm
"NOUN(DET/det, *, NOUN/nmod, NOUN/conj)",0.0015894081116591575,0.007945976413267278,0.011798952408648906,0.02288350863346062,-0.006356568301608121,0.006356568301608121,104,600,704,1.9294990723562153,11.129660545353367,13202446.0,6.890613790600528e-82,-0.34915917060546203,True,True,llm
"ADJ(*, PUNCT/punct)",0.0027359288075410417,0.009008470557495998,0.015901289027233548,0.02472269507773857,-0.006272541749954957,0.006272541749954957,178,664,842,3.302411873840445,12.316824336857726,13230374.0,7.855267434708317e-67,-0.3017768656308662,True,True,llm
"VERB(ADV/advmod, *)",0.00264937138022133,0.008902168119253043,0.014463451753668536,0.02301027472156431,-0.006252796739031714,0.006252796739031714,195,729,924,3.6178107606679037,13.52253756260434,13099793.0,3.8956421893198196e-74,-0.32536122127211253,True,True,llm
"VERB(ADP/mark, *, NOUN/obj, NOUN/obl)",0.007384943343327391,0.013630391877038213,0.020988962917650216,0.023498674965193114,-0.006245448533710822,0.006245448533710822,656,1420,2076,12.170686456400743,26.340196624002967,12613224.0,1.676451125788233e-66,-0.28032659871757815,True,True,llm
"NOUN(*, ADJ/amod, PROPN/nmod)",0.0018574505903454237,0.00808408989347832,0.0128277867861326,0.023301542216822548,-0.006226639303132896,0.006226639303132896,117,604,721,2.170686456400742,11.20385828232239,13231438.5,9.592959481439835e-77,-0.33105579357139425,True,True,llm
"PROPN(*, VERB/acl:relcl)",0.0008936829556618948,0.007101599420192641,0.008938950700033732,0.022380397451195803,-0.006207916464530746,0.006207916464530746,58,510,568,1.0760667903525047,9.460211463550362,13313734.0,4.884268007516471e-84,-0.3642943265113168,True,True,llm
"VERB(PUNCT/punct, CCONJ/cc, ADV/advmod, *, NOUN/obj)",0.0006660627099176423,0.006790111010353426,0.007703904313541607,0.021954963218032003,-0.006124048300435784,0.006124048300435784,44,485,529,0.8163265306122449,8.996475607493972,13341518.0,8.50849618125089e-86,-0.3722256449384285,True,True,llm
"NOUN(ADP/case, DET/det, *, VERB/acl)",0.008937927148779272,0.014964780630343908,0.020981066301517505,0.022392207132024212,-0.006026853481564636,0.006026853481564636,894,1726,2620,16.586270871985157,32.01632350213318,12525531.0,5.497611361989211e-61,-0.2777593565124527,True,True,llm
"NOUN(ADP/case, *, ADJ/amod, PROPN/nmod)",0.001310761050722254,0.007325378881407011,0.011637156269576133,0.022604187681925608,-0.006014617830684757,0.006014617830684757,77,533,610,1.4285714285714286,9.88684845112224,13308082.0,2.111634716495526e-79,-0.3345657891024363,True,True,llm
"NOUN(ADP/case, DET/det, *, ADJ/amod, ADJ/amod)",0.0022140198242631905,0.008208632313595077,0.013722138732247088,0.022836599756591785,-0.005994612489331887,0.005994612489331887,150,638,788,2.782931354359926,11.83453904655908,13225791.0,2.0396249722678663e-71,-0.3182041627720544,True,True,llm
"VERB(PUNCT/punct, *, NOUN/obl:agent, PUNCT/punct)",0.0008303996532081821,0.006768381067687932,0.009061972649574788,0.02239183271854138,-0.00593798141447975,0.00593798141447975,51,469,520,0.9461966604823747,8.699684659617882,13404202.0,2.079978898150278e-78,-0.3476389023030627,True,True,llm
"PROPN(*, PROPN/flat:name, PROPN/flat:name)",0.006050763759462715,0.011986834539936373,0.020343926041211723,0.023050596062456064,-0.005936070780473659,0.005936070780473659,491,1189,1680,9.109461966604824,22.055277314041923,12761682.0,3.009978052579563e-67,-0.2730555405518137,True,True,llm
"NOUN(DET/det, *, NOUN/nmod, NOUN/nmod)",0.006458866226559782,0.012338290035942253,0.02018206804004856,0.023307946044531062,-0.005879423809382471,0.005879423809382471,547,1224,1771,10.148423005565864,22.70450751252087,12816597.5,1.3072229913661078e-60,-0.2696846898372307,True,True,llm
"VERB(VERB/ccomp:speech, *, PROPN/nsubj, PUNCT/punct)",0.003581285879422668,0.009412347761650603,0.016797433189811153,0.022114841370114328,-0.005831061882227935,0.005831061882227935,250,846,1096,4.638218923933209,15.692821368948247,12983007.0,2.4186020491768375e-74,-0.2969432891222789,True,True,llm
"PROPN(DET/det, *, PROPN/flat:name)",0.0083281717286041,0.01413725727384273,0.021695094032834573,0.02294958018788096,-0.005809085545238631,0.005809085545238631,748,1540,2288,13.877551020408163,28.56612873307364,12636654.0,2.689965675604075e-60,-0.26013376307433533,True,True,llm
"NOUN(PUNCT/punct, *, PROPN/nmod, PUNCT/punct)",0.005518403065842861,0.011284573055382939,0.020988074614888688,0.02342170890414018,-0.005766169989540077,0.005766169989540077,401,1054,1455,7.4397031539888685,19.551103691337413,12878765.5,2.917172246558655e-66,-0.2592911345255679,True,True,llm
"NOUN(DET/det, ADJ/amod, *, NOUN/nmod)",0.00525415587680835,0.010973946830569447,0.018863721338433677,0.023225906681950067,-0.005719790953761097,0.005719790953761097,426,1023,1449,7.903525046382189,18.97607122982749,12977677.0,5.695803244792205e-59,-0.2703429523609429,True,True,llm
"PROPN(*, PROPN/flat:name, PROPN/flat:name, PROPN/flat:name)",0.002791684403002455,0.008510789671442571,0.015169794791716363,0.023455230819036575,-0.005719105268440116,0.005719105268440116,192,655,847,3.562152133580705,12.149879428677425,13296973.0,5.124263843583453e-60,-0.2895479450002509,True,True,llm
"NOUN(ADP/case, *, ADJ/amod, ADJ/amod)",0.0013583683916476947,0.0070528641177893875,0.010996666691578588,0.02242575580697003,-0.005694495726141693,0.005694495726141693,88,506,594,1.6326530612244898,9.38601372658134,13407165.0,5.482626990365876e-69,-0.3224283656651492,True,True,llm
"PROPN(DET/det, *)",0.013428192789245973,0.01902927933258828,0.021482335993937136,0.019151709693912593,-0.005601086543342307,0.005601086543342307,1627,2783,4410,30.18552875695733,51.623075496197366,12387903.0,4.963768569929228e-50,-0.27523206134899925,True,True,llm
"VERB(PUNCT/punct, CCONJ/cc, NOUN/nsubj, *, VERB/ccomp)",0.0002318039987691374,0.005821590969139289,0.0049004123554312285,0.022389360295569344,-0.005589786970370152,0.005589786970370152,13,358,371,0.24118738404452691,6.640697458727509,13599439.5,4.113958980595086e-74,-0.34491143238834887,True,True,llm
"VERB(PUNCT/punct, *, ADJ/ccomp)",0.00016416487770848823,0.0057265961061071236,0.003941396399865276,0.021690277245124127,-0.005562431228398636,0.005562431228398636,10,361,371,0.18552875695732837,6.696345761454276,13582742.0,9.886226770782644e-77,-0.35682912653343263,True,True,llm
"VERB(PUNCT/punct, PRON/nsubj, *, NOUN/obj, PUNCT/punct)",0.0015992627687927306,0.00713595885013226,0.011659719137677734,0.022363881452887653,-0.0055366960813395295,0.0055366960813395295,107,518,625,1.9851576994434137,9.608606937488407,13425134.5,8.246957122591323e-64,-0.31045998541615416,True,True,llm
"VERB(SCONJ/mark, NOUN/nsubj, *, NOUN/obj)",0.004422259734083639,0.009940544817641268,0.018266794253736524,0.023439123191265107,-0.005518285083557629,0.005518285083557629,327,851,1178,6.066790352504638,15.785568540159526,13157041.0,2.2183240933542493e-55,-0.262616489257019,True,True,llm
"ADV(*, PUNCT/punct)",0.005271195072372523,0.010737233972987684,0.017840022708647586,0.022240154702075864,-0.005466038900615161,0.005466038900615161,482,1050,1532,8.942486085343228,19.47690595436839,13018442.0,1.748261987744323e-53,-0.27112626252587063,True,True,llm
"VERB(ADP/mark, *, NOUN/obj, VERB/conj)",0.002337302966350914,0.00780014013708754,0.014047485687700102,0.02274360734626117,-0.005462837170736626,0.005462837170736626,161,592,753,2.987012987012987,10.981265071415322,13376936.5,1.5035564156477324e-58,-0.28900188489233164,True,True,llm
"NOUN(ADP/case, DET/det, *, ADJ/amod, VERB/acl)",0.0019325782445478448,0.007376482436001503,0.012853778715740451,0.02225447589718205,-0.005443904191453659,0.005443904191453659,130,552,682,2.411873840445269,10.239287701725097,13399506.0,1.2764550481786418e-61,-0.29956784828420707,True,True,llm
"NOUN(*, ADJ/amod, NOUN/conj)",0.0010379765506396315,0.00641907271151027,0.009614328533501894,0.02183974053908338,-0.005381096160870638,0.005381096160870638,69,447,516,1.280148423005566,8.291597106288258,13511366.0,5.62635958223008e-65,-0.31891383939816426,True,True,llm
"VERB(PUNCT/punct, *, VERB/xcomp)",0.002263376831975771,0.007624040029333748,0.01364264226645727,0.02230129807596234,-0.005360663197357977,0.005360663197357977,159,585,744,2.9499072356215215,10.851419031719532,13387874.0,4.209595033233309e-58,-0.2899839249456886,True,True,llm
"NOUN(CCONJ/cc, DET/det, *, ADJ/amod)",0.002023363483421671,0.0073792173548617905,0.012797800622297852,0.021916426935830145,-0.0053558538714401195,0.0053558538714401195,143,569,712,2.6530612244897958,10.554628083843443,13388503.0,2.1756604726456305e-60,-0.2984437760461946,True,True,llm
"VERB(PUNCT/punct, *, NOUN/obj, VERB/conj)",0.0007686023902759154,0.006094205398408732,0.008671553422664749,0.02132070021435755,-0.005325603008132817,0.005325603008132817,49,421,470,0.9090909090909091,7.809311815989612,13526835.0,8.990518812142373e-69,-0.3272207884204056,True,True,llm
"VERB(PUNCT/punct, *, NOUN/ccomp)",0.000388922395376587,0.005675605508391936,0.006393099100652218,0.021461794681626265,-0.005286683113015349,0.005286683113015349,22,364,386,0.40816326530612246,6.7519940641810425,13608216.0,4.278307567416201e-70,-0.33386532681649483,True,True,llm
"NOUN(DET/det, *, NOUN/nmod, VERB/acl)",0.003266075750178831,0.00854463008112549,0.016325712069538163,0.02273338478021165,-0.0052785543309466585,0.0052785543309466585,228,691,919,4.230055658627087,12.817659061398627,13302014.0,2.1950078701436884e-55,-0.266720284424153,True,True,llm
"VERB(NOUN/nsubj, *, NOUN/obj, NOUN/obl, PUNCT/punct)",0.003914094315180621,0.009184631817495154,0.019973814094626605,0.023546268261836038,-0.0052705375023145325,0.0052705375023145325,236,744,980,4.37847866419295,13.800779076238175,13204298.0,1.0283687244607492e-60,-0.2413997897563341,True,True,llm
